V1	V2	V3	V4	V5	V6	V7	V8	V9	V10	V11	V12	V13	V14	V15	V16	V17	V18	V19	V20	V21	V22	V23	V24	V25	V26	V27	V28	V29	V30	V31	V32	V33	V34	V35	V36	V37	V38	V39	V40	V41	V42	V43	V44	V45	V46	V47	V48	V49	V50	V51	V52	V53	V54	V55	V56	V57	V58	V59	V60	V61
cg04355750	cg07052010	cg09758869	cg01972157	cg09805403	cg06230599	cg02963624	cg03623401	cg10465465	cg05186704	cg03254230	cg18485955	cg04453550	cg18676586	cg16177830	cg02368508	cg09319797	cg09581137	cg13671818	cg01974761	cg09401463	cg23280681	cg16755220	cg12405833	cg06148375	cg03082108	cg08957564	cg06865119	cg02386311	cg02498072	cg05504279	cg03412557	cg08015702	cg10080417	cg10359235	cg01433913	cg01353515	cg10322510	cg26526983	cg08369576	cg01282078	cg10475689	cg27434863	cg07288347	cg16748632	cg04769879	cg04304019	cg10196029	cg08620479	cg07871144	cg01858712	cg01389383	cg00459119	cg01366941	cg26666580	cg27657983	cg04635642	cg00498772	cg01574788	cg16659284	cg02951526
cg22476504	cg12078253	cg21461720	cg14680899	cg14731400	cg01378826	cg26511357	cg13959448	cg02692177	cg02988118	cg26672098	cg00777375	cg01036735	cg25996061	cg14882311	cg11371748	cg02942766	cg24631482	cg03317811	cg23561979	cg15001131	cg18204158	cg00484711	cg08178956	cg16851771	cg26823762	cg11022928	cg15243721	cg01184449	cg14452650	cg19581424	cg09840623	cg09256517	cg23994692	cg15827554	cg01276616	cg06043190	cg21043273	cg04741211	cg02593043	cg02079908	cg27634115	cg05312964	cg09535475	cg15425670	cg00162001	cg19015711	cg03454357	cg14782266	cg06493695	cg04268813	cg19427338	cg17485141	cg11376339	cg21396553	cg14576681	cg14396381	cg25101500	cg00563892	cg18897589	cg10642423
cg03491270	cg15991104	cg27561949	cg18398512	cg19281871	cg08165151	cg05255807	cg02486845	cg16426221	cg18785467	cg15422050	cg16649755	cg07504864	cg22469435	cg05217213	cg01767230	cg00120332	cg03492460	cg01579093	cg21513537	cg06936265	cg01484716	cg17063269	cg04744592	cg08946854	cg04837020	cg25675673	cg18783055	cg17160381	cg04353131	cg08333778	cg02871313	cg22144900	cg17464591	cg23656083	cg14811319	cg08551976	cg13334277	cg00515455	cg04367614	cg21385413	cg20510988	cg02436141	cg07259974	cg08458400	cg24276445	cg21572719	cg07440958	cg23276695	cg18703951	cg14337785	cg26887085	cg09879107	cg01767599	cg03805279	cg13372314	cg03689386	cg02498983	cg22952703	cg26556436	cg02063166
cg26624273	cg00939211	cg26685501	cg10205642	cg27445106	cg21117584	cg08938061	cg20768399	cg22621063	cg05395998	cg03647334	cg24330902	cg22128488	cg20772512	cg02930200	cg12696750	cg11397548	cg21488617	cg21171625	cg14830003	cg16109423	cg07311889	cg15086653	cg16532399	cg27542048	cg02736204	cg27518043	cg06528936	cg03884414	cg22712703	cg17886164	cg16573901	cg17933807	cg19908139	cg17004373	cg26653091	cg17740908	cg13919631	cg12413421	cg21165978	cg00700866	cg13054119	cg25199283	cg13568283	cg00870095	cg04862500	cg06626655	cg08655686	cg10628818	cg04878955	cg13448605	cg22063989	cg12391690	cg03654735	cg10573018	cg26519919	cg17161617	cg10123642	cg14076729	cg09181104	cg11338033
cg23037644	cg07196761	cg01614778	cg20149998	cg17218588	cg26132168	cg25556582	cg04824341	cg04220298	cg08234171	cg17225591	cg05479554	cg27224547	cg12618987	cg09847753	cg10568689	cg23852646	cg11896623	cg06053651	cg16259171	cg03870501	cg05343106	cg02070028	cg20071670	cg19692710	cg20737388	cg04044120	cg15670924	cg23327896	cg15851278	cg25592907	cg13953458	cg04807856	cg05525021	cg13219007	cg25429672	cg10064339	cg26954736	cg23624401	cg02586551	cg04361852	cg22984786	cg05205664	cg11417675	cg22166739	cg13719084	cg14136260	cg17514353	cg10859442	cg18057618	cg19700658	cg23046727	cg07407754	cg19770906	cg07091552	cg13221767	cg21004654	cg25941075	cg01117339	cg23799558	cg19453726
cg06146185	cg03672203	cg04428718	cg06654337	cg17247131	cg21995484	cg10083391	cg07659053	cg15279541	cg00725145	cg16080333	cg23568068	cg05107246	cg15535638	cg20044143	cg01727625	cg06179127	cg13412283	cg00718539	cg18301136	cg16131866	cg19711949	cg13828236	cg25149888	cg22368281	cg12845006	cg09089118	cg01433527	cg18913924	cg00745323	cg01082798	cg25974888	cg20000107	cg16061761	cg05698763	cg07627726	cg18291014	cg16840616	cg00936722	cg16694365	cg00772257	cg14692457	cg27537740	cg22460081	cg07593405	cg06684088	cg13936271	cg16625683	cg04650322	cg18078408	cg00751126	cg25904344	cg01156747	cg22336162	cg05405483	cg09041644	cg03836621	cg06601579	cg02919368	cg26552477	cg07884352
cg09223698	cg22819672	cg21848278	cg24353272	cg06645242	cg02958843	cg21387604	cg16899280	cg26343258	cg16658719	cg25851842	cg16361301	cg08746138	cg12461345	cg09167119	cg11976166	cg06899755	cg13285637	cg22021178	cg27508144	cg17934824	cg01558923	cg20698667	cg07810039	cg25132662	cg17970482	cg10484211	cg18876728	cg16967578	cg20991819	cg10804254	cg13132121	cg09871265	cg27387239	cg13962170	cg19631762	cg12141746	cg00558645	cg03339057	cg14091840	cg09328518	cg07928232	cg25206764	cg22675326	cg24850334	cg19778413	cg09412975	ch.1.217016503F	cg01603234	cg27296937	cg08550523	cg03988297	cg05037033	cg20689471	cg06913865	cg00997264	cg17216266	cg11718886	cg26554494	cg26757053	cg05460949
cg09666573	cg08039854	cg01331196	cg07043494	cg15469802	cg27530352	cg14837082	cg24357890	cg02150536	cg24607283	cg19542548	cg01796438	cg24146269	cg05986866	cg18214323	cg00170343	cg20116569	cg11628541	cg03800765	cg11576436	cg26127203	cg04788249	cg18785274	cg12901291	cg11277834	cg26389380	cg27056145	cg08509737	cg16028117	cg18146954	cg15139163	cg21071793	cg14339991	cg26467809	cg25214561	cg02093918	cg24042573	cg00977707	cg06592829	cg19927020	cg24283662	cg12198254	cg02228403	cg18531720	cg08995668	cg11159141	cg05672923	cg11333436	cg03452625	cg12918464	cg24705426	cg00746810	cg17809780	cg17025841	cg05791356	cg03589820	cg05643613	cg12120750	cg13430678	cg02131130	cg21442998
cg18031661	cg02104138	cg13597815	cg24719726	cg04141975	cg10505990	cg11144555	cg16031973	cg25147941	cg24006005	cg16376816	cg06952790	cg19004718	cg21620953	cg26493487	cg24534739	cg12421138	ch.5.3099968F	cg02149537	cg15726813	cg24901091	cg15895886	cg09735390	cg05019568	cg23441328	cg08553524	cg14573268	cg01213651	cg18844900	cg13976338	cg09447895	cg15971074	cg14994396	cg02055540	cg14069726	cg10932916	cg17621190	cg02545583	cg04453138	cg26342181	cg07366848	cg15199785	cg10643982	cg13348475	ch.5.3135990F	cg14748856	cg10534479	cg18795959	cg19515468	cg08793658	cg04093159	cg09050860	cg15880498	cg14618737	cg14059735	cg04071689	cg18334332	cg13707123	cg01591925	cg06605739	cg10154780
cg10239816	cg17149920	cg20539690	cg06221416	cg09798879	cg17519570	cg06428195	cg17295053	cg08798244	cg14280330	cg06368618	cg24219589	cg03149496	cg22891862	cg23536629	cg15338327	cg24331598	cg01177167	cg00674004	cg09254322	cg07382132	cg10506844	cg19522050	cg25452067	cg26075184	cg02792168	cg11113066	cg19960420	cg22957360	cg01987516	cg23904955	cg17888390	cg07044859	cg14748795	cg27210464	cg27354537	cg11081894	cg11232245	cg08956474	cg04249742	cg11988910	cg16137498	cg19103219	cg13544333	cg10947831	cg21781988	cg23319285	cg03036592	cg04972745	cg25214158	cg00158122	cg02798576	cg23262218	cg10377903	cg04837832	cg04190875	cg26951440	cg03609639	cg02030034	cg24255756	cg09788492
cg10000139	cg23357913	cg01431960	cg19913551	cg13983692	cg04347164	cg22372096	cg08417595	cg24000650	cg15860624	cg09999510	cg10214132	cg17341326	cg18625610	cg04154697	cg25504273	cg14950747	cg27149284	cg26746037	cg06616476	cg17117277	cg03126579	cg22200895	cg07538634	cg17299616	cg25457064	cg09662823	cg17672101	cg23894587	cg04154502	cg15062725	cg03559037	cg12034488	cg23380496	cg00821760	cg00248903	cg07481380	cg14793931	cg16743924	cg24046083	cg19599395	cg24322668	cg16023110	cg23799655	cg22553301	cg22382058	cg00860425	cg19705859	cg02715685	cg16655883	cg20852846	cg12007399	cg13786089	cg15823845	cg24876786	cg08098382	cg15111437	cg00147863	cg21570608	cg09920172	cg27310748
cg10735361	cg19590188	cg21151883	cg11640063	cg05842457	cg11117765	cg13132847	cg00981117	cg03668748	cg10713951	cg06995558	cg20700278	cg06087909	cg04294412	cg19296509	cg09424308	cg04497889	cg24830559	cg02419901	cg19223129	cg20208394	cg09636525	cg24709285	cg04194054	cg02726278	cg10004897	cg04636069	cg23757056	cg05634649	cg21960828	cg07727721	cg01220768	cg08267183	cg12032396	cg17480221	cg16746113	cg15993943	cg20704376	cg06110021	cg03567896	cg25996566	cg13564595	cg26116260	cg05101498	cg23194610	cg19539972	cg02503808	cg09948192	cg19371708	cg26555023	cg03847636	cg25660036	cg06055014	cg06697600	cg17393702	cg19775672	cg02551323	cg26600181	cg09739887	cg10310081	cg05210798
cg22607220	cg02020969	cg01418951	cg15043935	cg12959079	cg26348487	cg27280004	cg24772828	cg03057712	cg12195314	cg13978777	cg24101337	cg11930564	cg03748603	cg01515960	cg10283371	cg10227077	cg23254497	cg05916989	cg00749609	cg19300225	cg25556841	cg27181295	cg24299136	cg12211091	cg19293162	cg05456713	cg13701180	cg08626004	cg04158792	cg07938763	cg20124376	cg11906607	cg04178634	cg12281620	cg25556008	cg08994082	cg10131810	cg24339704	cg25803139	cg19853565	cg07843390	cg08407014	cg08134671	cg23854103	cg22323942	cg05340882	cg01617139	cg00925020	cg08481112	cg10181414	cg19851563	cg06996175	cg22900607	cg19032532	cg04603130	cg14295482	cg18554395	cg14907788	cg08172637	cg01895482
cg27160701	cg22800453	cg08829007	cg02710015	cg06352538	cg22688241	cg15961105	cg24536818	cg01874152	cg25486399	cg00240653	cg02554168	cg19219778	cg16903782	cg17881208	cg16447680	cg07880109	cg00476882	cg18238996	cg17532978	cg20056324	cg11999488	cg22047387	cg09014354	cg05735075	cg19470832	cg15545660	cg20207414	cg07671446	cg13860283	cg12190125	cg26442740	cg11810736	cg09358376	cg12548176	cg08048194	cg22244938	cg15717887	cg00999410	cg17377797	cg01094310	cg10672482	cg11794356	cg17521526	cg20502257	cg08076100	cg02642296	cg20251156	cg25236050	cg02493112	cg15696038	cg10891473	cg19265886	cg15783466	cg04011712	cg16427530	cg13860309	cg06942770	cg14841453	cg09684557	cg19537932
cg07948421	cg09635984	cg13471352	cg17293973	cg02965283	cg09532095	cg06720048	cg02681858	cg23576258	cg00079551	cg18484665	cg23600666	cg13254588	cg16273524	cg22354234	cg20224517	cg05136531	cg27611263	cg08160072	cg21484910	cg26607429	cg00483940	cg01644640	cg06375062	cg13712012	cg27452156	cg19655179	cg10898024	cg08245249	cg05854601	cg12498094	cg09968461	cg17740179	cg09296536	cg00166653	cg19302979	cg12449404	cg11720686	cg19015847	cg05256584	cg18221988	cg12271759	cg08780166	cg15146122	cg00870449	cg25073563	cg15491134	cg13754687	cg13411948	cg27134910	cg03639864	cg27060355	cg24503369	cg00415424	cg04365777	cg10807560	cg24720777	cg10103850	cg22409100	cg15549810	cg19918022
cg20618448	cg19620840	cg17303845	cg03159563	cg23909802	cg20716738	cg08326933	cg20368841	cg17930459	cg07605062	cg22334548	cg27420674	cg16891376	cg21067745	cg17798978	cg01667384	cg12054851	cg21658291	cg12286123	cg02829345	cg22708853	cg19298856	cg06717845	cg07664027	cg13671109	cg22079082	cg15680443	cg27640908	cg15607449	cg14048834	cg09189258	cg23223044	cg18208268	cg23860279	cg08382380	cg10608004	cg25350122	cg02048674	cg18745184	cg11868621	cg19426731	cg24082526	cg10380760	cg23390488	cg15531369	cg06538345	cg27321942	cg02707552	cg11252555	cg08570691	cg21293902	cg00821444	cg07592513	cg09372739	cg08291040	cg06428797	cg03588376	cg15967449	cg13432900	cg00544901	cg26490839
cg27153492	cg03156904	cg05490993	cg00963654	cg03530537	cg22369607	cg00305947	cg14241323	cg15966876	cg12853521	cg14630382	cg25590438	cg14179575	cg16515500	cg14219111	cg05331334	cg05409967	cg12513505	cg19851594	cg27031837	cg01269718	cg12424534	cg26749245	cg15534052	cg14744743	cg25924472	cg26344168	cg05779523	cg11564670	cg24922596	cg05667256	cg20494779	cg03664443	cg00335286	cg23655210	cg00263856	cg02717437	cg02827729	cg15999899	cg12794269	cg19328814	cg20649848	cg13816282	cg23784912	cg00691206	cg05621217	cg15721020	cg26508928	cg21066415	cg16325382	cg11712459	cg26000693	cg15292688	cg01113448	cg14959820	cg24403268	cg06285911	cg19950017	cg02930356	cg07740199	cg25208258
cg03067912	cg08385874	cg17648210	cg12612445	cg06684407	cg19902195	cg21968796	cg20884362	cg19191502	cg24312117	cg03622689	cg11460723	cg06962620	cg11081415	cg20451718	cg23285465	cg05621184	cg03392571	cg05670717	cg11988476	cg00660655	cg11188659	cg25178749	cg14723284	cg02901606	cg18401451	cg04713483	cg02930963	cg10007534	cg01314391	cg11401796	cg05054998	cg18638180	cg19475575	cg09149246	cg01071534	cg24577220	cg13915314	cg11327657	cg16710517	cg00164837	cg02002298	cg23668190	cg16546864	cg20108328	cg00082540	cg27315077	cg02579389	cg06101661	cg10272219	cg03234839	cg07296260	cg14507658	cg15765398	cg23690480	cg20602417	cg21275932	cg11378001	cg16400350	cg07900444	cg08636922
cg09357589	cg01982166	cg23252259	cg14036627	cg11811828	cg23457357	cg26091007	cg15027295	cg21723246	cg05699123	cg18923388	cg18969004	cg08085597	cg07630345	cg14283756	cg23595396	cg09622121	cg18598029	cg03030317	cg12771717	cg24023453	cg05346947	cg04710276	cg17553885	cg10061945	cg17917683	cg11524593	cg03462677	cg17287630	cg08588744	cg13375758	cg14695524	cg06819687	cg05891181	cg17964422	cg12555879	cg07199801	cg10168930	cg18918396	cg23762487	cg09555555	cg05966988	cg18384990	cg27032957	cg21237268	cg02263438	cg23932846	cg10773928	cg13806964	cg02228481	cg08896715	cg17557540	cg03081173	cg13212186	cg13502540	cg27536700	cg03921216	cg15562022	cg10473907	cg10236790	cg18068635
cg26108843	cg09546220	cg11781977	cg17432627	cg13974865	cg06107216	cg07271473	cg01618535	cg06804705	cg06595162	cg14685006	cg02532853	cg13049432	cg11798406	cg11767757	cg16411445	cg13299324	cg05549611	cg05083202	cg13472610	cg01359822	cg06958537	cg22703724	cg03690837	cg11216502	cg14652629	cg06584807	cg04486568	cg09888721	cg15892280	cg23110422	cg03966486	cg00168694	cg21880624	cg20434300	cg16734191	cg02119577	cg16418817	cg22249046	cg01103827	cg03671660	cg27266027	cg25077654	cg07632694	cg24558132	cg17971929	cg11890956	cg11644478	cg07074390	cg17935304	cg13620615	cg13045639	cg16818768	cg13686331	cg27011829	cg20142390	ch.21.551062R	ch.21.551389R	cg18574499	cg10542145	cg13180224
cg08189861	cg05910850	cg06818515	cg08832054	cg16545773	cg16638425	cg27312549	cg04786564	cg06422694	cg06142315	cg07103714	cg05515034	cg03637906	cg27584315	cg01534799	cg01338430	cg02214414	cg21622152	cg26614262	cg27013478	cg06812612	cg04915494	cg26906639	cg08534175	cg05185519	cg07474076	cg08690664	cg26493188	cg01215511	cg02732193	cg00952977	cg08103220	cg27042294	cg02828802	cg01302745	cg27223663	cg27026935	cg00994587	cg02593884	cg08118067	cg09497752	cg04352587	cg01283685	cg10532310	cg01954388	cg04676112	cg08007639	cg05487269	cg27548741	cg07297410	cg04309214	cg04310517	cg13644052	cg02626929	cg02184697	cg07586489	cg04964781	cg04580029	cg20712430	cg05913514	cg04391222
cg01576146	cg16412228	cg08189861	cg05910850	cg06818515	cg08832054	cg16545773	cg16638425	cg27312549	cg04786564	cg06422694	cg06142315	cg07103714	cg05515034	cg03637906	cg27584315	cg01534799	cg01338430	cg02214414	cg21622152	cg26614262	cg27013478	cg06812612	cg04915494	cg26906639	cg08534175	cg05185519	cg07474076	cg08690664	cg26493188	cg01215511	cg02732193	cg00952977	cg08103220	cg27042294	cg02828802	cg01302745	cg27223663	cg27026935	cg00994587	cg02593884	cg08118067	cg09497752	cg04352587	cg01283685	cg10532310	cg01954388	cg04676112	cg08007639	cg05487269	cg27548741	cg07297410	cg04309214	cg04310517	cg13644052	cg02626929	cg02184697	cg07586489	cg04964781	cg04580029	cg20712430
cg16412228	cg08189861	cg05910850	cg06818515	cg08832054	cg16545773	cg16638425	cg27312549	cg04786564	cg06422694	cg06142315	cg07103714	cg05515034	cg03637906	cg27584315	cg01534799	cg01338430	cg02214414	cg21622152	cg26614262	cg27013478	cg06812612	cg04915494	cg26906639	cg08534175	cg05185519	cg07474076	cg08690664	cg26493188	cg01215511	cg02732193	cg00952977	cg08103220	cg27042294	cg02828802	cg01302745	cg27223663	cg27026935	cg00994587	cg02593884	cg08118067	cg09497752	cg04352587	cg01283685	cg10532310	cg01954388	cg04676112	cg08007639	cg05487269	cg27548741	cg07297410	cg04309214	cg04310517	cg13644052	cg02626929	cg02184697	cg07586489	cg04964781	cg04580029	cg20712430	cg05913514
cg26091928	cg03283048	cg08701515	cg27500918	cg03939087	cg12741488	cg01869548	cg01576146	cg16412228	cg08189861	cg05910850	cg06818515	cg08832054	cg16545773	cg16638425	cg27312549	cg04786564	cg06422694	cg06142315	cg07103714	cg05515034	cg03637906	cg27584315	cg01534799	cg01338430	cg02214414	cg21622152	cg26614262	cg27013478	cg06812612	cg04915494	cg26906639	cg08534175	cg05185519	cg07474076	cg08690664	cg26493188	cg01215511	cg02732193	cg00952977	cg08103220	cg27042294	cg02828802	cg01302745	cg27223663	cg27026935	cg00994587	cg02593884	cg08118067	cg09497752	cg04352587	cg01283685	cg10532310	cg01954388	cg04676112	cg08007639	cg05487269	cg27548741	cg07297410	cg04309214	cg04310517
cg27500918	cg03939087	cg12741488	cg01869548	cg01576146	cg16412228	cg08189861	cg05910850	cg06818515	cg08832054	cg16545773	cg16638425	cg27312549	cg04786564	cg06422694	cg06142315	cg07103714	cg05515034	cg03637906	cg27584315	cg01534799	cg01338430	cg02214414	cg21622152	cg26614262	cg27013478	cg06812612	cg04915494	cg26906639	cg08534175	cg05185519	cg07474076	cg08690664	cg26493188	cg01215511	cg02732193	cg00952977	cg08103220	cg27042294	cg02828802	cg01302745	cg27223663	cg27026935	cg00994587	cg02593884	cg08118067	cg09497752	cg04352587	cg01283685	cg10532310	cg01954388	cg04676112	cg08007639	cg05487269	cg27548741	cg07297410	cg04309214	cg04310517	cg13644052	cg02626929	cg02184697
cg27163692	cg26091928	cg03283048	cg08701515	cg27500918	cg03939087	cg12741488	cg01869548	cg01576146	cg16412228	cg08189861	cg05910850	cg06818515	cg08832054	cg16545773	cg16638425	cg27312549	cg04786564	cg06422694	cg06142315	cg07103714	cg05515034	cg03637906	cg27584315	cg01534799	cg01338430	cg02214414	cg21622152	cg26614262	cg27013478	cg06812612	cg04915494	cg26906639	cg08534175	cg05185519	cg07474076	cg08690664	cg26493188	cg01215511	cg02732193	cg00952977	cg08103220	cg27042294	cg02828802	cg01302745	cg27223663	cg27026935	cg00994587	cg02593884	cg08118067	cg09497752	cg04352587	cg01283685	cg10532310	cg01954388	cg04676112	cg08007639	cg05487269	cg27548741	cg07297410	cg04309214
cg03939087	cg12741488	cg01869548	cg01576146	cg16412228	cg08189861	cg05910850	cg06818515	cg08832054	cg16545773	cg16638425	cg27312549	cg04786564	cg06422694	cg06142315	cg07103714	cg05515034	cg03637906	cg27584315	cg01534799	cg01338430	cg02214414	cg21622152	cg26614262	cg27013478	cg06812612	cg04915494	cg26906639	cg08534175	cg05185519	cg07474076	cg08690664	cg26493188	cg01215511	cg02732193	cg00952977	cg08103220	cg27042294	cg02828802	cg01302745	cg27223663	cg27026935	cg00994587	cg02593884	cg08118067	cg09497752	cg04352587	cg01283685	cg10532310	cg01954388	cg04676112	cg08007639	cg05487269	cg27548741	cg07297410	cg04309214	cg04310517	cg13644052	cg02626929	cg02184697	cg07586489
cg08701515	cg27500918	cg03939087	cg12741488	cg01869548	cg01576146	cg16412228	cg08189861	cg05910850	cg06818515	cg08832054	cg16545773	cg16638425	cg27312549	cg04786564	cg06422694	cg06142315	cg07103714	cg05515034	cg03637906	cg27584315	cg01534799	cg01338430	cg02214414	cg21622152	cg26614262	cg27013478	cg06812612	cg04915494	cg26906639	cg08534175	cg05185519	cg07474076	cg08690664	cg26493188	cg01215511	cg02732193	cg00952977	cg08103220	cg27042294	cg02828802	cg01302745	cg27223663	cg27026935	cg00994587	cg02593884	cg08118067	cg09497752	cg04352587	cg01283685	cg10532310	cg01954388	cg04676112	cg08007639	cg05487269	cg27548741	cg07297410	cg04309214	cg04310517	cg13644052	cg02626929
cg12741488	cg01869548	cg01576146	cg16412228	cg08189861	cg05910850	cg06818515	cg08832054	cg16545773	cg16638425	cg27312549	cg04786564	cg06422694	cg06142315	cg07103714	cg05515034	cg03637906	cg27584315	cg01534799	cg01338430	cg02214414	cg21622152	cg26614262	cg27013478	cg06812612	cg04915494	cg26906639	cg08534175	cg05185519	cg07474076	cg08690664	cg26493188	cg01215511	cg02732193	cg00952977	cg08103220	cg27042294	cg02828802	cg01302745	cg27223663	cg27026935	cg00994587	cg02593884	cg08118067	cg09497752	cg04352587	cg01283685	cg10532310	cg01954388	cg04676112	cg08007639	cg05487269	cg27548741	cg07297410	cg04309214	cg04310517	cg13644052	cg02626929	cg02184697	cg07586489	cg04964781
cg03283048	cg08701515	cg27500918	cg03939087	cg12741488	cg01869548	cg01576146	cg16412228	cg08189861	cg05910850	cg06818515	cg08832054	cg16545773	cg16638425	cg27312549	cg04786564	cg06422694	cg06142315	cg07103714	cg05515034	cg03637906	cg27584315	cg01534799	cg01338430	cg02214414	cg21622152	cg26614262	cg27013478	cg06812612	cg04915494	cg26906639	cg08534175	cg05185519	cg07474076	cg08690664	cg26493188	cg01215511	cg02732193	cg00952977	cg08103220	cg27042294	cg02828802	cg01302745	cg27223663	cg27026935	cg00994587	cg02593884	cg08118067	cg09497752	cg04352587	cg01283685	cg10532310	cg01954388	cg04676112	cg08007639	cg05487269	cg27548741	cg07297410	cg04309214	cg04310517	cg13644052
cg07294406	cg03145658	cg14702307	cg18329110	cg05804440	cg00952162	cg25771677	cg05841659	cg05853159	cg06638338	cg25795088	cg15082875	cg00408021	cg24111955	cg15264811	cg26337123	cg00368636	cg19910201	cg01112082	cg13560204	cg17390675	cg08326497	cg14603103	cg09537307	cg05575601	cg11700349	cg25042112	cg16650896	cg20155440	cg25389947	cg26565406	cg14090510	cg27573471	cg16553574	cg19593229	cg20049309	cg22598458	cg26811868	cg14398929	cg06960717	cg18319941	cg10367959	cg24585817	cg00655923	cg04344018	cg07424592	cg14167314	cg20637647	cg20944647	cg25894440	cg01136167	cg22121687	cg05590025	cg19163074	cg00129524	cg07044303	cg22762813	cg23162571	cg19127138	cg00943060	cg10408731
cg27013947	cg19002579	cg05446138	cg00855923	cg05856884	cg16168153	cg24805886	cg04489366	cg13118590	cg23518228	cg05570079	cg08872581	cg23194060	cg18828303	cg07826058	cg19992190	cg01991530	cg27465531	cg04647094	cg05184682	cg02853686	cg21195120	cg22213614	cg27443052	cg11082630	cg01662650	cg14532322	cg13928866	cg01378112	cg21759095	cg09622432	cg06938654	cg24192264	cg01336098	cg04182378	cg18624866	cg23374711	cg02496423	cg09207137	cg22417589	cg02417823	cg07858069	cg01445307	cg03031357	cg23161359	cg09483847	cg05155058	cg24980481	cg16349029	cg10994343	cg27592862	cg15325759	cg10906663	cg25437005	cg20664034	cg00606069	cg02939216	cg05087624	cg07088622	cg01284128	cg20063650
cg16798348	cg13526644	cg11021661	cg04170359	cg04230073	cg08832596	cg11791039	cg23602829	cg12933507	cg19899312	cg06925664	cg03436798	cg25948980	cg06751802	cg27249581	cg03547523	cg01449846	cg00636372	cg09925428	cg14918391	cg08103551	cg24414039	cg16641915	cg03449125	cg24994611	cg15225779	cg10548968	cg18110520	cg07117751	cg20871509	cg13885609	cg18058279	cg20012366	cg20864579	cg10169364	cg13466901	cg13916398	cg15357376	cg19164997	cg21164877	cg07012062	cg07590621	cg21810245	cg16836678	cg03991848	cg01858879	cg08294946	cg17441778	cg02420069	cg20062305	cg08036798	cg17957640	cg14708990	cg06334307	cg26952188	cg02174203	cg10321236	cg23533513	cg15638292	cg03908908	cg15500478
cg22930549	cg13539397	cg26298914	cg01989902	cg10246976	cg21027282	cg14983684	cg18842157	cg10975863	cg13803234	cg12874792	cg21007509	cg11724735	cg05315321	cg23900070	cg18207011	cg13572771	cg00934066	cg21131421	cg23675587	cg04782982	cg08297686	cg21503275	cg13680965	cg02134347	cg13717532	cg23526087	cg18459449	cg09388160	cg11064738	cg16440331	cg27047671	cg11006288	cg26938013	cg16014060	cg27064708	cg13075942	cg06894612	cg20931134	cg04147497	cg10418626	cg18205933	cg12199198	cg20928824	cg23630256	cg19662895	cg21224251	cg13067714	cg16691714	cg12813394	cg25582488	cg06572093	cg02299497	cg21123519	cg15857051	cg04856629	cg04133132	cg11080456	cg10127375	cg14144229	ch.14.68209562R
cg14826021	cg21158981	cg17450190	cg15155965	cg14975347	cg05973414	cg23153626	cg12033779	cg20110832	cg08123106	cg13406339	cg15965495	cg22305187	cg26049136	cg00148926	cg07178994	cg01971667	cg22379564	cg19790352	cg05979597	cg11351709	cg11137605	cg03494825	cg21352158	cg27241889	cg00281725	cg10896594	cg24805307	cg04165188	cg09180070	cg07881065	cg06784909	cg17370195	cg02730139	cg26362453	cg05616965	cg03063943	cg24645839	cg21772735	cg09142848	cg26078859	cg03646096	cg16579144	cg21037943	cg08586642	cg09525146	cg06931523	cg02923021	cg18984833	cg19727381	cg00069815	cg17302580	cg20791311	cg23360101	cg15415194	cg17574269	cg09012402	cg17377211	cg13153698	cg22388232	cg16719810
cg22333412	cg15123187	cg10945131	cg05461666	cg08936817	cg05696034	cg16713551	cg16965374	cg17903275	cg13463492	cg00433406	cg02195657	cg05805297	cg25745746	cg04637372	cg06377106	cg25104613	cg24713770	cg15677883	cg27589582	cg19164175	cg23014487	cg08024029	cg04552470	cg00346208	cg06444282	cg22698629	cg17133982	cg17023923	cg21917448	cg23039636	cg02873528	cg04722511	cg16023415	cg01084154	cg26831566	cg17331494	cg20283477	cg07596568	cg13904704	cg11417178	cg26315261	cg12624197	cg23662331	cg08264835	cg08722591	cg04415114	cg21450384	cg05773309	cg26309074	cg16357353	cg11531778	cg10586107	cg20270882	cg13991953	cg08704881	cg06897478	cg15653910	cg05004665	cg23635546	cg06830665
cg01564068	cg13792045	cg15069758	cg22711251	cg21460053	cg15955341	cg07351262	cg27182047	cg22247664	cg07569194	cg22439783	cg05793930	cg10537017	cg12647497	cg06970744	cg20676696	cg02337836	cg03070194	cg08142344	cg07219542	cg16670497	cg03942855	cg06615940	cg20944548	cg11680055	cg24506221	cg18938907	cg17901463	cg06632762	cg10950028	cg23241950	cg13464436	cg25593510	cg25520068	cg05376982	cg20803293	cg25210835	cg24467349	cg12858902	cg14377951	cg23719124	cg22864244	cg05133756	cg03542222	cg20971342	cg10807101	cg23645476	cg00297950	cg23472215	cg09152047	cg25027501	cg26020161	cg07050011	cg00388838	cg00865962	cg23957643	cg00515905	cg00491404	cg03956353	cg07950786	cg14523841
cg24201793	cg04554196	cg07891369	cg08787698	cg06699555	ch.2.246819F	cg25811083	cg24679695	cg18264173	cg09613281	cg10646145	cg20610452	cg24231854	cg04575202	cg19380295	cg14583406	cg12256362	cg03429644	cg02834280	cg04329429	cg09917591	cg20341998	cg01896085	cg26394466	cg11536248	cg05172956	cg01011898	cg03578495	cg25337514	cg21221545	cg03565241	cg12244013	cg10987840	cg15776617	cg06153448	cg22119466	cg19458697	cg19404500	cg07815287	cg22190705	cg03424478	cg00536383	cg16430616	cg19105810	cg03077836	cg10236037	cg19991899	cg01155190	cg15127270	cg09242610	cg00013804	cg23676829	cg03600512	cg21129864	cg26176348	cg05088820	ch.2.252555R	cg05991902	cg14710529	cg00230766	cg17731409
cg21758133	cg25809301	cg23067085	cg22076311	cg18166376	cg21836903	cg13726313	cg09009983	cg22798400	cg00201568	cg17805210	cg22828884	cg20088477	cg25827144	cg13240253	cg24097241	cg15556723	cg06856329	cg14564722	cg21067632	cg07644184	cg15871371	cg17803993	cg07368857	cg20115117	cg23199517	cg06241812	cg07278181	cg05384123	cg06391412	cg05098381	cg01055868	cg25457604	cg25356639	cg08038033	cg12431087	cg20506347	cg26344024	cg18996141	cg01137672	cg00386925	cg14843831	cg18737257	cg10452974	cg08489512	cg22589728	cg09459774	cg02336104	cg18342703	cg08080735	cg26227248	cg21487363	cg10715905	cg11105872	cg09611620	cg22876402	cg01186551	cg23234756	cg05399036	cg21860675	cg07475026
cg09268982	cg02059515	cg16958189	cg20912079	cg16239296	cg06281425	cg11944784	cg04120171	cg17018527	cg22719913	cg11167100	cg08452658	cg26460092	cg03063639	cg14696396	cg25452071	cg27009545	cg22831436	cg25045893	cg09682213	cg00979939	cg18200261	cg02245485	cg18593236	cg19899322	cg27201332	cg17506460	cg17848828	cg13798146	cg12058947	cg25513173	cg15642758	cg23719069	cg04336836	cg26411015	cg04537729	cg21238234	cg08633249	cg17151123	cg12250049	cg15736165	cg00222341	cg10398682	cg02318926	cg23989963	cg17051321	cg14431006	cg04090392	cg19988449	cg07639720	cg08939095	cg27304406	cg18560204	cg18952647	cg14385245	cg26429925	cg09180848	cg20941110	cg26654798	cg17124224	cg06523224
cg01385850	cg08904986	cg26117137	cg25533387	cg22562363	cg10622068	cg21302727	cg14924278	cg23331156	cg12239557	cg07247998	cg04406111	cg04768368	cg15351652	cg11404751	cg26606947	cg09451613	cg26698473	cg05655953	cg27089675	cg18680328	cg09624870	cg09631043	cg02519037	cg18450168	cg00244983	cg04839259	cg23720331	cg23828763	cg16652855	cg25388349	cg26111575	cg14522790	cg24181174	cg17136011	cg19774782	cg19392379	cg18322589	cg26186546	cg04972529	cg15372959	cg27438889	cg12420900	cg06733794	cg24098326	cg06966660	cg25307318	cg10882304	cg26071526	cg21951457	cg07451524	cg20426866	cg08428819	cg20509513	cg14282850	cg15877915	cg11535638	cg19628012	cg07944162	cg23304023	cg05310185
cg11667643	cg17824685	cg25371314	cg20652464	cg08268734	cg13681962	cg07757183	cg05556023	cg18327276	cg03534326	cg26903052	cg01620911	cg26283949	cg22933133	cg16897264	cg25669088	cg21503148	cg00283792	cg05612973	cg09020384	cg22561845	cg06515617	cg22866754	cg00144039	cg23548640	cg12442125	cg05824180	cg20823730	cg24535956	cg02840008	cg20178757	cg14826021	cg21158981	cg17450190	cg15155965	cg14975347	cg05973414	cg23153626	cg12033779	cg20110832	cg08123106	cg13406339	cg15965495	cg22305187	cg26049136	cg00148926	cg07178994	cg01971667	cg22379564	cg19790352	cg05979597	cg11351709	cg11137605	cg03494825	cg21352158	cg27241889	cg00281725	cg10896594	cg24805307	cg04165188	cg09180070
cg12470218	cg02030141	cg07174182	cg15574895	cg10511332	cg10237542	cg13096721	cg21406811	cg16321293	cg12278631	cg16519477	cg21579982	cg00530939	cg03727756	cg23226852	cg07911682	cg00404177	cg02431098	cg08890084	cg16119852	cg26690834	cg05002512	cg10158674	cg15104044	cg25229157	cg21682062	cg12421536	cg17752268	cg00908631	cg01145389	cg16911228	cg07013994	cg17894331	cg07370959	cg19089033	cg07908422	cg10450322	cg08539090	cg04720785	cg04772086	cg16147336	cg19640439	cg16135470	cg10982358	cg07099107	cg06949081	cg27393398	cg15631690	cg25592206	cg23090529	cg21140898	cg00968536	cg10893043	cg00776601	cg07314186	cg26219095	cg27433451	cg13460944	cg00570896	cg08545574	cg01701959
cg24830876	cg12704098	cg26311262	cg16451527	cg05722035	cg07186032	cg19142341	cg16087328	cg11229273	cg00836272	cg05400732	cg04389058	cg18109369	cg08976117	cg10913077	cg04563996	cg20749059	cg13745870	cg24007644	cg25799109	cg07563047	cg11167446	cg02031326	cg24634060	cg00478127	cg11741902	cg16978797	cg26259546	cg11430718	cg10147507	cg06521544	cg03435901	cg01797381	cg01534707	cg09429700	cg20075859	cg16763270	cg21075237	cg19182267	cg03774678	cg00770158	cg22870661	cg18745629	cg13717817	cg22352371	cg25198340	cg05138949	cg00743540	cg03745372	cg04922566	cg14936968	cg19764345	cg15854067	cg13017478	cg23727321	cg01205753	cg11096815	cg19770116	cg09614565	cg10882522	cg13766687
cg15768613	cg21483883	cg06159352	cg00159100	cg16230141	cg00549566	cg07122245	cg19118812	cg17966167	cg08453021	cg11021995	cg06338562	cg11372090	cg15067340	cg15947096	cg17350006	cg17780595	cg04136149	cg25472353	cg01552551	cg16221660	cg11645318	cg06257983	cg22674202	cg04819167	cg17254384	cg00512425	cg00881892	cg02443148	cg02136849	cg21446981	cg08981626	cg17213713	cg05919161	cg16121641	cg26065247	cg24946941	cg24995381	cg23701676	cg02946185	cg15028436	cg24998770	cg02531859	cg11932205	cg07560446	cg03659153	cg12099032	cg10576132	cg05088704	cg27518977	cg13400306	cg23169784	cg01613122	cg23569180	cg19166347	cg14846368	cg18723937	cg20019546	cg12515638	cg08261094	cg11878069
cg09761506	cg08309023	cg21120402	cg06746096	cg04048461	cg23341085	cg13414581	cg03890220	cg06758980	cg20595490	cg04152151	cg25686162	cg13908074	cg09301222	cg25619609	cg03393862	cg21155834	cg09714315	cg15300348	cg05170205	cg09247360	cg08403885	cg00867722	cg00066942	cg12432635	cg21347644	cg10458926	cg03664802	cg11721798	cg04098458	cg16434205	cg21650422	cg05586854	cg20492449	cg22897235	cg10665960	cg11656382	cg23731668	cg05692819	cg14132965	cg03207246	cg26872780	cg02072515	cg00519153	cg13400821	cg27228601	cg10970614	cg01613337	cg16162734	cg14372472	cg04319694	cg02490718	cg14603453	cg17509836	cg11752586	cg05975727	cg26323130	cg14986699	cg17245188	cg11650013	cg24461964
cg17735028	cg01263850	cg00929392	cg10582648	cg24837256	cg14656657	cg17025908	cg12206846	cg03939132	cg13173305	cg17859655	cg18533966	cg24405951	cg14844953	cg19244922	cg05766605	cg06720014	cg17833419	ch.1.653511R	cg14181528	cg22333259	cg16128865	cg11397149	cg21417130	cg16265859	cg25599739	cg12766383	cg02862467	cg15603964	cg21863016	cg13387374	cg17163404	cg04398547	cg13990487	cg08937734	cg21913775	cg20432732	cg23087931	ch.1.658177R	cg15964018	cg08530036	cg24742520	ch.1.659111R	cg06706670	ch.1.659794R	cg22601762	cg15070710	cg16359521	cg00223950	cg04891455	cg14965477	cg17239185	cg01624305	cg17850281	cg10850580	cg05787043	cg04351236	cg21867457	cg26227957	cg24071927	cg23926367
cg20274673	cg25109508	cg07790079	cg25599129	cg03324464	cg02621905	cg14913688	cg17033499	cg03753813	cg07701909	cg19675142	cg16997278	cg01421695	cg04912984	cg00771553	cg04548815	cg01558040	cg01372608	cg01829990	cg17318344	cg19940584	cg00450425	cg25773695	cg00819310	cg08157638	cg26877357	cg24629380	cg04880253	cg02659568	cg17465013	cg20810993	cg00356916	cg14985891	cg05190718	cg18942631	cg21648376	cg17903306	cg05037360	cg23892856	cg21220387	cg14423702	cg15064681	cg10174333	cg00958241	cg04559481	cg02574734	cg11393173	cg22374525	cg26156256	cg27452217	cg24660670	cg15654259	cg19356191	cg21852513	cg17481936	cg23952578	cg23820103	cg27545296	cg11071926	cg21863110	cg25979559
cg25327531	cg02023773	cg26500955	cg17529235	cg22648282	cg08875180	cg23291136	cg26072705	cg18532727	cg22700039	cg14995803	cg10730673	cg02531905	cg11499689	cg25844133	cg00059374	cg26757221	cg19055869	cg15947866	cg17585025	cg00379337	cg04259687	cg08871722	cg12024190	cg08832266	cg16467854	cg20864707	cg12989767	cg18721544	cg05443789	cg07391023	cg14724590	cg21273787	cg25917747	cg23275764	cg18873509	cg24032330	cg10001590	cg13557397	cg12061531	cg13485703	cg24535046	cg10190253	cg25504966	cg24007800	cg14514642	cg18423549	cg02401941	cg04752053	cg21897425	cg25685455	cg05988315	ch.17.21699132R	cg20303724	cg03264585	cg24697733	cg27645294	cg11522747	cg20299935	cg01015354	cg20586239
cg13634133	cg12488447	cg14385122	cg21413251	cg13442709	cg13750902	cg02765496	cg21185421	cg14426312	cg13544184	cg11274211	cg14642636	cg13673536	cg13867370	cg14181713	cg04563766	cg14206898	cg13804196	cg08855953	cg13845561	cg21217329	cg13532055	cg07158339	cg02268013	cg23667933	cg21388169	cg14656297	cg13974534	cg14410042	cg13859886	cg21229044	cg01984237	cg14179065	cg13671721	cg14361741	cg14646081	cg21228642	cg13785951	cg07414392	cg13708301	cg13920460	cg08398554	cg13909342	cg09272909	cg14095983	cg14695840	cg14326805	cg13522776	cg21167963	cg14172428	cg02775489	cg13651833	cg04003500	cg17195771	cg00842351	cg14276120	cg14255824	cg13849419	cg14254767	cg14236011	cg14805174
cg16162899	cg17149495	cg22802167	cg24669183	cg17308840	cg17866181	cg24159721	cg15174812	cg08477687	cg00034556	cg00645010	cg15394630	cg05001044	cg03344490	cg17501828	cg23917638	cg18024856	cg18761878	cg27534567	cg08858441	cg03348902	cg01070250	cg21996134	cg07264491	cg15560884	cg10037654	cg14057946	cg11422233	cg16047670	cg18263059	cg01014490	cg04231937	cg04496485	cg17505339	cg09989996	cg11954957	cg01068023	cg08167039	cg20677962	cg06402284	cg24699430	cg01551879	cg22394869	cg02550592	cg03213877	cg23803172	cg19411932	cg20788133	cg08939496	cg16736630	cg01793617	cg09139287	cg05662829	cg22714517	cg00168193	cg14280098	cg15903280	cg04352959	cg08258224	cg12285627	cg05898754
cg04500730	cg25153629	cg01940181	cg16393928	cg17489690	cg26053881	cg21789941	cg08739115	cg15727188	cg04499214	cg23265656	cg20429350	cg05712300	cg19158549	cg11710123	cg25150520	cg24499605	cg22497969	cg07029287	cg23631759	cg06970451	cg26864297	cg21262776	cg05790380	cg24514678	cg22606873	cg13152158	cg19600583	cg06099439	cg01777678	cg03527274	cg21786372	cg00030466	cg24641193	cg00895834	cg07956247	cg14969646	cg05628625	cg24851370	cg00109293	cg07974025	cg03885431	cg03386715	cg21412629	cg09282201	cg04509221	cg04855369	cg03082523	cg06379192	cg11392550	cg16262201	cg11672390	cg12074391	cg00663575	cg08160128	cg01709189	cg24645149	cg25706502	cg07832245	cg13175786	cg13867039
cg01233786	cg16701048	cg15118514	cg22139025	cg19260474	cg19398365	cg26152108	cg06377362	cg21614491	cg08667388	cg22122329	cg02810976	cg23053658	cg20638357	cg12796743	cg16668678	cg16717113	cg00255631	cg04275566	cg12230889	cg09456129	cg21065876	cg05629931	cg08531746	cg23638224	cg18409985	cg03277137	cg22301418	cg25280418	cg18559356	cg17431490	cg05238918	cg27385126	cg00883166	cg23323395	cg01161842	cg04741128	cg16762784	cg13912702	cg24982697	cg27326999	cg10976732	cg23719132	cg25233555	cg25347801	cg03075232	cg07343790	cg07770777	cg01229865	cg14756202	cg04099767	cg16919246	cg12144573	cg16956007	cg21933664	cg27313646	cg12394800	cg25212763	cg05070571	cg22157173	cg14807553
cg05219829	cg09966847	cg26238180	cg21822146	cg13130319	cg07965823	cg06932612	cg16049707	cg16475755	cg11951910	cg23275158	cg04906283	cg06469542	cg10878444	cg02034328	cg18872420	ch.14.1182433R	cg23187727	cg14544289	cg20016490	cg19787508	cg24171453	cg15358657	cg16213072	cg19007537	cg21063480	cg04947514	cg06175025	cg18569885	cg27553433	cg08230472	cg09341423	cg26362766	cg04968726	cg11120049	cg18674234	cg22930859	cg21228500	cg19091403	cg02182594	cg20068496	cg18707028	cg18908845	cg25104430	cg11180129	cg07491206	cg04223256	cg18277986	cg14094681	cg26035522	cg09272629	cg15046735	cg25564554	cg21974996	cg14525832	cg02018089	cg23074119	cg20385229	cg13188519	ch.14.1187653R	cg16788179
cg14913111	cg13951491	cg16593917	cg07708653	cg19235065	cg20701461	cg12629689	cg21853989	cg13461762	cg10797195	cg06623268	cg20797697	cg20318713	cg22675825	cg01924755	cg20511268	cg06788803	cg04580334	cg13841901	cg15457731	cg04597831	cg13067634	cg09360654	cg17412005	cg16817426	cg17785515	cg06773033	cg02657611	cg00310044	cg04981758	cg00566999	cg00129132	cg00969787	cg12630522	cg19250177	cg25827112	cg27633763	cg05343316	cg19551082	cg00103132	cg00609097	cg24296786	cg04132845	cg15605315	cg05765466	cg17930852	cg22628146	cg11224062	cg11803389	cg03123370	cg04700938	cg16521245	cg13848568	cg00081251	cg09323228	cg04745201	cg27393325	cg22536808	cg14836864	cg03108114	cg15896098
cg00689225	cg04545963	cg24663636	cg05014952	cg14214323	cg08315283	cg02318426	cg22783383	cg20935025	cg10298855	cg18460373	cg05852416	cg18875274	cg19941370	cg04122371	cg19474546	cg13775005	cg21179457	cg10764541	cg12970695	cg14181169	cg10573403	cg11082362	cg16056105	cg14288330	cg20018912	cg06603113	cg07850604	cg24038454	cg08226111	cg14251622	cg27574000	cg17003293	cg23664459	cg10686916	cg13504570	cg02157467	cg18415686	cg17351793	cg06626759	cg18134851	cg12201332	cg11015424	cg13710586	cg02319043	cg26206910	cg14305454	cg07840472	cg21219398	cg23873398	cg23428725	cg04349673	cg14975700	cg11070590	cg21911968	cg08265387	cg16690972	cg04737832	cg25039966	cg15414924	cg09270514
cg16316755	cg03763001	cg20255933	cg25756003	cg12486762	cg24827381	cg03815913	cg05405094	cg21427902	cg15735030	cg07274333	cg11931798	cg07424132	cg25669110	cg27099262	cg23032200	cg27302255	cg23655651	cg17460855	cg00063703	cg17067190	cg09060449	cg01047904	cg23367478	cg17535647	cg05660670	cg26387689	cg22927788	cg23752086	cg24975564	cg04012266	cg04101351	cg22355517	cg25912911	cg11416338	cg23015991	cg03618302	cg26571814	cg18639524	cg12136731	cg13446110	cg02631767	cg21913301	cg22999327	cg06026769	cg19264056	cg22056480	cg24336686	cg01153442	cg04724646	cg23371800	cg20994699	cg13063900	cg24509104	cg16169129	cg04091078	cg18109798	cg14525610	cg02769624	cg25885914	cg14628803
cg17977197	cg17725807	cg22454603	cg21980821	cg20215695	cg00937568	cg21355791	cg18656581	cg02431704	cg06665941	cg21292957	cg24768245	cg13208562	cg17748222	cg16134430	cg10683055	cg12829325	cg01928078	cg27518898	cg14607407	cg00765428	cg07325233	cg17943175	cg17506742	cg01855674	cg14280424	cg05187003	cg04842828	cg14352951	cg08492707	cg15382669	cg03866569	cg09885409	cg06121323	cg14911223	cg00622702	cg11293610	cg26109199	cg06287548	cg08173915	cg17356733	cg22669060	cg22212414	cg24865779	cg10572943	cg23508786	cg14850771	cg07845895	cg13027384	cg20817150	cg27469991	cg08874470	cg21664037	cg07612468	cg18774545	cg18441837	cg00258550	cg16966043	cg16803817	cg23355126	cg03238738
cg18081313	cg12944340	cg03404362	cg07199894	cg23394420	cg07341818	cg10481982	cg02546521	cg13034943	cg17306884	cg08413026	cg13421038	cg04554802	cg07746532	cg21649013	cg15260428	cg08731435	cg13235087	cg08013109	cg08735279	cg17138298	cg14208664	cg02710553	cg12923179	cg08246632	cg23080013	cg06838096	cg07682179	cg23194712	cg18051825	cg27597145	cg18849213	cg24401363	cg15163603	cg07641027	cg09233191	cg23947919	cg13575885	cg10524161	cg07257718	cg24221398	cg12881105	cg00588090	cg05058734	cg26578400	cg09218130	cg17824615	cg02324974	cg05585129	cg11738011	cg15837832	cg15680518	cg13382100	cg23836612	cg19641266	cg24775180	cg14510688	ch.12.2881175F	cg22826449	cg25028072	cg18765479
cg05687498	cg21067905	cg12535402	cg08763705	cg22659676	cg13887205	cg18631996	cg17356056	cg14700104	cg12295988	cg01081189	cg00275181	cg00095846	cg01077618	cg05598363	cg21159993	cg16552437	cg22434226	cg23500931	cg03529436	cg05148900	cg07395094	cg26884276	cg04135543	cg14282596	cg24969605	cg02070114	cg08836619	cg12588763	cg01860693	cg26211634	cg11953913	cg26334299	cg25646029	cg00287773	cg02646073	cg19957511	cg08464003	cg10498921	cg24067652	cg12358764	cg07875121	cg15831212	cg25132078	cg07697078	cg25550546	cg22037779	cg16577540	cg02707576	cg25409734	cg01139526	cg11924368	cg19622675	cg13048911	cg26983411	cg18722504	cg26306638	cg00264129	cg15636295	cg01599709	cg05417087
cg16997732	cg14260522	cg14347389	cg19160975	cg05166819	cg04742505	cg15636799	cg25710357	cg21340129	cg06059318	cg00525989	cg20612831	cg14093368	cg18386942	cg06394887	cg13491400	cg13530817	cg25418945	cg03894450	cg15396310	cg12174008	cg27026831	cg16788538	cg09834234	cg09265173	cg24575065	cg05386606	cg27441048	cg24638828	cg04556550	cg23530707	cg19240483	cg27332489	cg05499139	cg20727536	cg04591132	cg10195567	cg03068659	cg02902261	cg21936550	cg02290509	cg23759831	cg22959159	cg18959139	cg15781561	cg21193175	cg13434062	cg27068399	cg06948947	cg22511633	cg20004424	cg07452164	cg04669894	cg17977099	cg01292793	cg04821993	cg14115936	cg05007097	cg13337731	cg13666696	cg13492520
cg25320780	cg00961640	cg17749509	cg03535830	cg06765586	cg25032124	cg09368875	cg07206840	cg15197342	cg23987054	cg15074876	cg17827850	cg01700472	cg20097268	cg14198172	cg12702097	cg20982476	cg10322499	cg00410422	cg04161784	cg17164863	cg10951976	cg27230882	cg25606969	cg22697365	cg18434152	cg13468036	cg08535756	cg21324308	cg20616196	cg13080606	cg04892651	cg10514714	cg10586423	cg06316121	cg06880108	cg21285773	cg25381737	cg07376219	cg00076797	cg16592897	cg17033837	cg25103275	cg19718359	cg00504782	cg16516639	cg06835822	cg07830847	cg12957986	cg04299028	cg12604192	cg17901858	cg03984537	cg19403178	cg04780572	cg02585459	cg00480136	cg17725100	cg04275027	cg00971737	cg01793178
cg10311833	cg18802885	cg09163702	cg19348733	cg15198739	cg01457654	cg26345037	cg19432297	cg03531512	cg18482813	cg25406755	cg14027297	cg00089100	cg15796173	cg00408876	cg03025148	cg15862271	cg15130481	cg25225340	cg09856467	cg21289124	cg04479757	cg22504528	cg25714060	cg25635000	cg00502618	cg15788059	cg17133446	cg27445278	cg18895476	cg14538249	cg14644570	cg15333769	cg07255019	cg02370373	cg23365832	cg19708343	cg00149397	cg05873732	cg09243400	cg13657092	cg13167431	cg21531389	cg23529513	cg04541607	cg17182184	cg02455383	cg00757952	cg00152646	cg01851928	cg15559737	cg12323503	cg00618042	cg22847608	cg11941420	cg12033214	cg26822175	cg15800010	cg06727761	cg14412792	cg25898963
cg24360513	cg04123260	cg15545861	cg12730702	cg05313393	cg20977327	cg14976442	cg22721468	cg22398523	cg06837737	cg13620028	cg15450946	cg02152128	cg09685528	cg16479674	cg16126747	cg09397375	cg19625216	cg20149956	cg08026416	cg24116222	cg20781835	cg13132716	cg24334803	cg02016753	cg23611233	cg14931645	cg06947752	cg21149260	cg16703466	cg12657014	cg04071948	cg07819756	cg00358451	cg18190547	cg07591937	cg08516035	cg21462097	cg15651819	cg07577018	cg17855595	cg11070531	cg00611192	cg02899039	cg11817309	cg18395993	cg09813817	cg01179986	cg17422500	cg03289576	cg01020399	cg00154064	cg15391271	cg00993400	cg00809399	cg20156999	cg16095593	cg03108496	cg10485768	cg11963985	cg18192414
cg00860225	cg13272546	cg16968985	cg20619808	cg14677615	cg14729456	cg20396782	cg25450200	cg17477442	cg14539210	cg17800497	cg22981628	cg26307359	cg04886595	cg06906268	cg03940157	cg14336879	cg08834269	cg05296978	cg04614997	cg13029847	cg24082871	cg04971534	cg03671597	cg17977273	cg18048405	cg08290013	cg03292544	cg06718159	cg26939204	cg07379740	cg12231246	cg24689895	cg13874070	cg11956953	cg07406897	cg26078513	cg02429035	cg11814814	cg03597174	cg10335736	cg25421423	cg23047236	cg06144905	cg02463253	cg00016913	cg22968401	cg17751776	cg16608731	cg08932135	cg01970040	cg19131647	cg11114275	cg21304488	cg17258741	cg06805880	cg02376256	cg18960216	cg13525683	cg25743584	cg13726166
cg01270593	cg07628705	cg26993848	cg13335112	cg13046688	cg21052932	cg26239297	cg04824818	cg13574499	cg09324304	cg08293102	cg01604547	cg19839026	cg07035145	cg18125479	cg21805221	cg06943981	cg26286805	cg18705240	cg13679814	cg13008339	cg04121555	cg22960284	cg12117827	cg04251886	cg20009354	cg14876117	cg05892030	cg23574924	cg11836171	cg02899219	cg02957305	cg14837480	cg17311063	cg16550500	cg18712494	cg06134471	cg18106312	cg20977794	cg06601633	cg18683604	cg18282456	cg03361068	cg02218306	cg10735633	cg02917917	cg10974632	cg15353061	cg05021896	cg04234680	cg25077778	cg17347389	cg08050748	cg21547859	cg10022048	cg23942311	cg23880081	cg14478663	cg08126807	cg09271353	cg14836018
cg03702236	cg17972013	cg04096619	cg18334392	cg00722631	cg22838685	cg23920603	cg24656596	cg01984802	cg23248452	cg09532664	cg25505023	cg00230837	cg16264886	cg05887869	cg00563352	cg16086730	cg05195050	cg16555188	cg18071348	cg18640098	cg07429192	cg00421223	cg25304837	cg12987138	cg00237026	cg09504104	cg04230735	cg23019589	cg18372141	cg09135347	cg23315174	cg21116793	cg02249893	cg04199615	cg11651574	cg05899747	cg10429361	cg00400126	cg09898988	cg24792692	cg01026661	cg11860091	cg17315844	cg18835048	cg05627256	cg06955158	cg12499123	cg11151820	cg26556537	cg18245083	cg25484373	cg22925171	cg11101846	cg23431508	cg11227559	cg21780231	cg06913517	cg01614738	cg12289617	cg17446264
cg14230692	cg26727221	cg23050227	cg15333967	cg11472951	cg07751298	cg20362689	cg01998058	ch.8.112637330R	cg21187920	cg00060061	cg18009359	cg06288869	cg25547135	cg16810457	cg23290674	cg25968664	cg11256628	cg11992333	cg19436270	cg12093443	cg15943335	cg22679949	cg08333835	cg22433418	cg24384472	cg07754644	cg11900742	cg03562736	cg20708990	cg23970028	cg00417291	cg20134357	cg02292450	cg23676042	cg20323509	cg16281758	cg03629497	cg24759795	cg21896766	cg05044961	cg22052659	cg18824585	cg02476510	cg08125821	cg12164248	cg19085307	cg11478320	cg20564273	cg13448814	cg03334130	cg25052970	cg13334883	cg21039652	cg10113334	cg21917532	cg27537290	cg06821993	cg06523030	cg14486921	cg10207277
cg03428614	cg20313798	cg20042116	cg01769284	cg24964536	cg07945148	cg18155131	cg10679076	cg02547747	cg13619528	cg08808258	cg23711867	cg27501362	cg05580073	cg10361281	cg03976468	cg02264779	cg25786366	cg00108569	cg07312552	cg12144689	cg14222656	cg09247506	cg26354221	cg26001125	cg15499799	cg04250930	cg01373166	cg08025954	cg23763137	cg20660269	cg02237342	cg12793123	cg04990420	cg27381549	cg21949305	cg21584430	cg19855777	cg12727256	cg10613381	cg02109793	cg03364108	cg15552843	cg03503516	cg12492885	cg02469909	cg12550055	cg09246479	cg16592832	cg01116810	cg15223899	cg18495047	cg08036764	cg27126059	cg17647273	cg04033580	cg19236559	cg22014770	cg03091668	cg22663995	cg19098790
cg13837747	cg08439439	cg01831337	cg14391258	cg04930982	cg20825472	cg14332552	cg19285799	cg05437857	cg09456777	cg03702732	cg14714009	cg26698664	cg11783014	cg06259339	cg25697490	cg19757131	cg15408737	cg10832589	cg20043883	cg02561343	cg24590353	cg07493465	cg27381822	cg01163931	cg03945663	cg22376204	cg17384769	cg09594210	cg15365500	cg19815325	cg26935328	cg03556869	cg07567800	cg06827883	cg13992444	cg16942595	cg04825872	cg21162242	cg17072494	cg21368479	cg09639771	cg13633866	cg06799979	cg18316256	cg25601481	cg09853238	cg26474203	cg12634602	cg20331980	cg26078976	cg18356847	cg09106817	cg08797669	cg09318120	cg04994953	cg03806038	cg07041218	cg01362183	cg13567282	cg16237031
cg06342870	cg24260135	cg20222568	cg26105227	cg13594863	cg11886949	cg14051368	cg06535308	cg24740587	cg11981631	cg10469152	cg13851843	cg04674590	cg03790908	cg22240472	cg03181582	cg18097532	cg17381377	cg00289429	cg13185308	cg15683950	cg14469826	cg26976060	cg05554192	cg15151749	cg02101485	cg08469419	cg27062927	cg26561358	cg11041284	cg18828306	cg00570628	cg02800711	cg09082823	cg17279359	cg22043588	cg07625131	cg11762839	cg16319691	cg25130993	cg14425863	cg21289015	cg07449450	cg07241909	cg17035757	cg01656133	cg15516832	cg17099016	cg09807524	cg25848652	cg22155376	cg07592809	cg02004632	cg04225508	cg13705216	cg06064725	cg26338473	cg03015592	cg14867085	cg14180479	cg09585968
cg05646686	cg19949955	cg24773418	cg03298319	cg05836965	cg18945335	cg10460377	cg11444379	cg08117309	cg01935149	cg05082965	cg06776588	cg13776560	cg10727171	cg11787167	cg05326274	cg14939652	cg05274755	cg26393294	cg23605547	cg11991859	cg04900565	cg22957135	cg07182616	cg23255320	cg13696957	cg25084108	cg04392578	cg02969500	cg02888744	cg15454195	cg24686983	cg23334306	cg10415314	cg02094363	cg09835220	cg26195358	cg08051224	cg01123957	cg21917261	ch.14.270578R	cg13493426	cg04895360	cg23300467	cg23276524	cg07050194	cg00972222	cg13496915	cg25111228	cg20040626	cg09224393	cg00243480	cg03839794	cg23295647	cg09819656	cg15089111	cg01993818	cg26086527	cg02957408	cg19520855	cg12138450
cg24090393	cg02492207	cg10994397	cg22689324	cg13167158	cg04854189	cg06912282	cg06080300	cg09159050	cg00078456	cg18852096	cg05642789	cg17122213	cg03427058	cg23430652	cg00297832	cg24368383	cg04882394	cg24535439	cg00262621	cg08231710	cg06943420	cg11648594	cg26740494	cg03136646	cg11798909	cg27541892	cg20929733	cg21921584	cg26660744	cg10124011	cg23252997	cg16673286	cg03388431	cg17450090	cg03939105	cg15126211	cg00998168	cg18282011	cg21149807	cg09283376	cg20155988	cg26562592	cg08864381	cg03017195	cg15830572	cg06848468	cg20255817	cg22082145	cg07601058	cg23210533	cg25283841	cg11809915	cg04105726	cg17869988	cg19382808	cg11530028	cg03972505	cg06528340	cg08260625	cg17939059
cg26738010	cg22265273	cg20731110	cg00670539	cg19142054	cg25964180	cg06490951	cg24935976	cg18142228	cg13279915	cg04567315	cg06435765	cg27613357	cg14106921	cg23848775	cg26774079	cg11214889	cg13483727	cg23713900	cg06756436	cg23661343	cg25420230	cg24783164	cg23384185	cg15712413	cg00134212	cg06261370	cg26188124	cg24940511	cg00881254	cg26251069	cg20977660	cg18419020	cg25679471	cg14276467	cg07479961	cg15084758	cg11684611	cg19044279	cg11726572	cg13354228	cg15522677	cg09728637	cg18089670	cg20885593	cg13606422	cg05915892	cg01037496	cg03034689	cg26650682	cg24907852	cg15158376	cg26147554	cg00955482	cg07283778	cg07100532	cg16112050	ch.18.18270R	cg16917903	cg06466360	cg15284897
cg10014338	cg07340708	cg15290692	cg27072506	cg21171279	cg26805579	cg02748047	cg26657086	cg09514561	cg13138832	cg08162948	cg14096229	cg25391023	cg09748960	cg10254167	cg00978102	cg02158755	cg14853443	cg18067840	cg18060330	cg06871764	cg16615014	cg24283019	cg09666540	cg23083776	cg21118545	cg18670258	cg26122998	cg23908794	cg04856590	cg14493742	cg15050073	cg04452581	cg05119374	cg17312536	cg14058932	cg15074838	cg15635392	cg25764570	cg16794061	cg18576604	cg25258233	cg16753237	cg26928531	cg20724257	cg19248557	cg20348196	cg03930097	cg00528492	cg23732629	cg17606183	cg13022993	cg00383136	cg02028402	cg25032968	cg26684131	cg19330213	cg04504627	cg08882389	cg05500783	cg25645491
cg01750157	cg19213955	cg22633590	cg04657588	cg07789083	cg15437528	cg15949830	cg23679018	cg23953396	cg11444135	cg16050165	cg03236939	cg10924077	cg26588812	cg12893736	cg19212391	cg07324031	cg10370375	cg16481791	cg23986185	cg16557906	cg15965578	cg11963912	cg02144954	cg25928447	cg01571491	cg08487100	cg12776171	cg21327194	cg26663490	cg16120833	cg04387597	cg24211908	cg14331822	cg00227781	cg11906038	cg08072465	cg08046512	cg08835847	cg12056353	cg08087047	cg23443627	cg24320673	cg10953317	cg12118246	cg24375215	cg12331932	cg05592035	cg14181940	cg14018141	cg13698613	cg07834069	cg06407137	cg14075731	cg06650256	cg00873351	cg20556216	cg10523494	cg06013494	cg00366412	cg14173969
cg24201362	cg24301066	cg07132590	cg11892307	cg21478597	cg17845669	cg00814898	cg17645074	cg11682724	cg21710066	cg27627038	cg19485103	cg20223322	cg13525071	cg26187313	ch.6.11493F	cg02895588	cg12117227	cg14101659	cg20949502	cg17808866	cg21643841	cg01114405	cg16199907	cg11100450	cg15703314	cg02530172	cg08998593	cg08185061	cg12424965	cg12612527	cg18224503	cg27562005	cg07558259	cg12278738	cg24291279	cg17632375	cg01308252	cg14063817	cg14791529	cg03730114	cg00623498	cg09607658	cg10499102	cg24025508	cg17560527	cg15781525	cg11022236	cg13471009	cg24500898	cg17370364	cg22538483	cg12455309	cg27590562	cg14653814	cg05460425	cg06026680	cg14219317	cg14374089	cg05175353	cg19599827
cg22971402	cg01081636	cg06112910	cg20151098	cg05745748	cg22484822	cg16480969	cg20103018	cg12008034	cg06898306	cg26555126	cg20490197	cg01140008	cg27371466	cg09657185	cg07699277	cg09106984	cg00898486	cg12013817	cg00143321	cg24469001	cg17107112	cg03412431	cg17762073	cg10270430	cg21797718	cg00070899	cg19999705	cg15884992	cg23321702	cg19471040	cg06068039	cg08969344	cg03723730	cg01090161	cg24890640	cg13344206	cg27428129	cg18403569	cg17450585	cg07100700	cg20772037	cg25001544	cg21599324	cg22188571	cg08289346	cg24082276	cg22827707	cg02882755	cg01962826	cg06456864	cg16739976	cg16916688	cg26424956	cg07735790	cg25988118	cg10083824	cg05100017	cg05800983	cg04762129	cg13490368
cg20990694	cg01640506	cg27256629	cg25215170	cg11844315	cg23713249	cg21886268	cg08360009	cg05725719	cg22442090	cg13043509	cg02924372	cg07319528	cg24249248	cg02955377	cg03334072	cg16908215	cg00812611	cg12920361	cg21010350	cg13354695	cg11758407	cg06276978	cg14319487	cg20752420	cg19012958	cg07698196	cg00963113	cg05714773	cg16736989	cg05385923	cg05017199	cg26385222	cg14991769	cg02244695	cg22962698	cg04861380	cg00780574	cg19336959	cg25124476	cg00417408	cg07769074	cg08359956	cg03964111	cg05726600	cg10409299	cg13459303	cg07208344	cg21053135	cg15388490	cg19037884	cg05405275	cg02226953	cg09969797	cg08540215	cg23533927	cg04514683	cg07897701	cg13603551	cg14909495	cg05289678
cg24264674	cg13542461	cg17083941	cg18564041	cg11102794	cg09188763	cg25103007	cg18179289	cg01071668	cg25800926	cg27376683	cg12740527	cg16096796	cg20555682	cg21204804	cg23730260	cg14205016	cg13569486	cg10605064	cg01434559	cg12068346	cg20758882	cg20039048	cg09700054	cg09060081	cg04857926	cg01764559	cg09634455	cg16185419	cg09608841	cg07190903	cg01677628	cg27431761	cg07138994	cg04027043	cg15788537	cg12165551	cg08356637	cg26273072	cg22889514	cg24337173	cg11794151	cg19232395	cg26826329	cg26668837	cg21045608	cg08788717	cg02541031	cg12675870	cg20771178	cg00450824	cg00393798	cg03405315	cg15247111	cg17679104	cg23753247	cg02811074	cg18933494	cg23764900	cg00961418	cg08015107
