PROBEID	C1	C2	C3	C4	C5	C6	C7	C8	C9	C10	C11	C12	C13	C14	C15	C16	C17	C18	C19	C20	C21	C22	C23	C24	C25	C26	C27	C28	C29	C30	C31	C32	C33	C34	C35	C36	C37	C38	C39	C40
cg06812612	0.042430441197493	2.60355587596191E-02	5.00462690937998E-02	4.76061333169079E-02	6.80277540624741E-02	3.22986935405887E-02	5.17922433768823E-02	5.55807473801211E-02	6.94478265088134E-02	4.84812873323952E-02	6.64033225902522E-02	4.68981684503909E-02	4.76731492163414E-02	3.15272868166352E-02	6.92996815085925E-02	5.73787152446545E-02	5.59541757059808E-02	0.049493942389245	4.34512700341743E-02	6.23348202290103E-02	3.32348860316381E-02	3.59259814430858E-02	1.17384066775775E-02	5.80346681104855E-02	3.74951111828838E-02	4.19966837351895E-02	3.93339230059093E-02	4.72790086485485E-02	2.81878428351066E-02	3.73450103990865E-02	0.041626858618226	2.09245101267028E-02	3.70674828979141E-02	4.19211730285636E-02	5.54006818603746E-02	5.18728685624983E-02	3.45550607068161E-02	1.94226005933779E-02	4.11605486281691E-02	0.028769047007562
cg04915494	0.230306412672198	0.2045653617868	0.234958516247798	0.204630021772273	0.344890308976855	0.31095991978186	0.213733044904849	0.248516770046559	0.27370899555582	0.214005703191389	0.311343551258499	0.153215646986248	0.184169056162614	0.267214468282051	0.242240423876937	0.212747162944192	0.253292299445503	0.299902743020713	0.258964264216552	0.14370057237128	0.202877899585802	0.17669848313659	0.153809811831566	0.218682562288205	0.21580476202946	0.207597684987238	0.241922660908777	0.320033800885629	0.274835684351019	0.172857055973118	0.278774892952997	0.252962309546509	0.187482596245337	0.147000345793422	0.157186092941043	0.231460752818031	0.131746147144997	0.226171907045074	0.269363724826522	0.162346710779413
cg26906639	0.910278352126116	0.92731834039256	0.91449094564931	0.900043552933475	0.885928892378012	0.928225366141248	0.911178716173713	0.925535022505025	0.908903705089133	0.915047932664729	0.918978243809522	0.898864044420252	0.892237944907622	0.90942459333015	0.913646508646949	0.903779155354335	0.910304902326387	0.938811631878201	0.896686431621283	0.90072368538611	0.94351624862092	0.927878593255752	0.937440809099674	0.91858840062461	0.935854954803921	0.939974784262557	0.935050976259427	0.92440398569937	0.927346553502736	0.918280627661906	0.905473157114795	0.948182483143096	0.936841634566712	0.929392982426863	0.924934109126944	0.9505576118947	0.939934536168622	0.942087050358376	0.931678310177065	0.950788207982338
cg08534175	0.850367211869314	0.882569416067078	0.738883564597772	0.765958137900635	0.751605820868218	0.787544153265527	0.827445398739914	0.801575005437951	0.713673784433166	0.769636879144681	0.80903305351793	0.771164302872963	0.799976955458449	0.780187017644204	0.616138432064385	0.74085717797116	0.768454389288642	0.776178651096202	0.704793859863338	0.759580598440833	0.836490623943545	0.971704191439762	0.832518933599364	0.880405532180892	0.773233999292406	0.816718051067132	0.837674818178219	0.969060447302661	0.884774668372347	0.877832763385989	0.917671605033618	0.650047204893026	0.758791779192323	0.874332687223654	0.891663031430718	0.875423467607779	0.837961639813625	0.628729266285797	0.903432372266	0.766645889131016
cg05185519	0.753720613115402	0.80970133941466	0.750146042411909	0.7847605211607	0.812213222419524	0.751064757052693	0.748369647035075	0.768323407337736	0.766721802044152	0.785826435109924	0.780685572648511	0.788627573514738	0.763613682701067	0.794012769598198	0.75100839304127	0.760757480178253	0.768932670071839	0.767502538670009	0.740147048137151	0.741206902661049	0.880128017069009	0.811858249223129	0.871919861860158	0.834771773364316	0.869261357132921	0.837227838385375	0.873957730970459	0.858636456973134	0.850762290347766	0.835461415002422	0.837301519224091	0.844507176294486	0.836276306478077	0.81447305767534	0.798562511725278	0.833514792734391	0.811209895877356	0.845560354574322	0.810740759985299	0.842175922502531
cg07474076	0.613844548340952	0.572778873092508	0.611480073709065	0.611574517305687	0.612389659526985	0.599906376422364	0.616370363929624	0.621115268873479	0.619987765437764	0.618355887223408	0.621402425735916	0.617561523326776	0.610740554345023	0.611077931078966	0.620296689417992	0.622160626558712	0.605274041659266	0.618881039240136	0.592738792618294	0.620249721423471	0.836934042691466	0.832299265945368	0.83301832325199	0.833275860299514	0.849816612109536	0.844597501960577	0.853245468223493	0.832356278565904	0.83117753927859	0.840044851661138	0.843369120941954	0.839312581477402	0.857105136917744	0.83237768320808	0.840517250911859	0.836492077263144	0.862361646398556	0.858866372919789	0.836321382459845	0.887609512417036
cg08690664	0.85703640236834	0.888577902906789	0.86192328110972	0.840735198215844	0.834306224969353	0.853888509408063	0.842827230118221	0.874896838023321	0.841628004804767	0.84999153716302	0.882305167898882	0.850530804225011	0.805220635371626	0.845526495214839	0.86619264102023	0.844585072544788	0.860155012338369	0.865517819727414	0.843463352515497	0.852139183045069	0.869741808818139	0.888105829117207	0.895643811365016	0.883178345455337	0.873000211619758	0.884473425406877	0.892077607650082	0.881530838944537	0.871261437978864	0.857919304944562	0.892279996667716	0.916184113462979	0.875500109628604	0.866226312884347	0.877504324987452	0.898246753897632	0.890865383177365	0.916005155429617	0.850709856798091	0.892162387721654
cg01215511	0.366087617809415	0.346258770391404	0.386019657628307	0.374375245925851	0.331258883805403	0.387577775188876	0.344836012461222	0.480586835471649	0.378157329524639	0.445908455829576	0.461237374144043	0.431278418765655	0.325787502114243	0.431874639855856	0.364390016883548	0.27594611810728	0.424567006379439	0.321095468367696	0.447596646441037	0.419020623355523	0.247343807093793	0.374102913860143	0.650684838423786	0.279669884390298	0.369206511783024	0.336565415231016	0.355422637341432	0.3353656956569	0.385888125547746	0.516986594297893	0.472062243597929	0.252298989968064	0.414880269704102	0.360985345199732	0.443338777539956	0.541631506503267	0.433420267684774	0.368589741312151	0.398423599599553	0.358885769393902
cg02732193	4.11176898437488E-02	4.21907900626547E-02	5.02066419662439E-02	3.91265433119737E-02	0.042075382776931	4.76439170893397E-02	4.87821464528306E-02	3.69781785023351E-02	4.13037542875131E-02	4.94972535247725E-02	4.24073085782439E-02	4.43594718796461E-02	4.98483317445032E-02	5.42570277330845E-02	4.96659615052549E-02	0.04167201434276	6.80703623227579E-02	5.31774131322081E-02	4.64115546392219E-02	4.40882108829605E-02	4.45725884181167E-02	0.061357610754418	3.49202622176684E-02	3.89878117427147E-02	4.39720712702534E-02	0.044810705227605	5.01328046433569E-02	3.09738404625343E-02	3.76621165919739E-02	4.85835611644921E-02	5.05827346271833E-02	2.11379022852819E-02	3.93311242999631E-02	0.029789166567246	4.99919080523348E-02	2.96838758631765E-02	2.68657840151368E-02	2.04821150054361E-02	4.22172181375132E-02	2.37422046000486E-02
cg00952977	3.92121373676704E-02	2.07553322313602E-02	4.15308392762598E-02	5.90398807257873E-02	4.65781534741861E-02	3.07992204860622E-02	3.36031608049044E-02	4.54527576345063E-02	3.40981411270799E-02	3.48359777744741E-02	3.47138337264767E-02	3.83828627037053E-02	3.65428088599138E-02	3.80358520113165E-02	4.29898558329076E-02	3.29062800430033E-02	5.53503988999606E-02	3.23012502796347E-02	5.01945494511098E-02	4.26654752593569E-02	1.46497327229561E-02	3.96985078762793E-02	3.95934389315075E-02	3.86538412467314E-02	4.13474008178155E-02	3.46883882294353E-02	4.65225814028135E-02	2.72114678099799E-02	3.63565108061141E-02	3.53810145883691E-02	0.029771619281102	2.35308704595865E-02	2.76519336761841E-02	3.43567224819127E-02	2.65657954682544E-02	3.33797274794999E-02	2.32893720589858E-02	2.90642633271179E-02	0.034773116688928	2.07217252378459E-02
